,x1,x2,y
0,0.0,0.0,1.0
1,0.006463481660845962,0.011543157941673385,1.0
2,0.013110791420347533,0.024154651395166076,1.0
3,0.021819453394654242,0.041491827752884285,1.0
4,0.03128734541048832,0.06144483459431955,1.0
5,0.030819017165143972,0.06254663501566775,1.0
6,0.03932854095943771,0.08253781845736853,1.0
7,0.04024517679907377,0.08740436706810283,1.0
8,0.05018188883221438,0.11287017977812724,1.0
9,0.06748746192204948,0.1573380772198972,1.0
10,0.057960087380229904,0.14018877977146096,1.0
11,0.06004222593070826,0.15081399371735277,1.0
12,0.06305560713467424,0.16465382523841857,1.0
13,0.07183831726362365,0.19524026054319832,1.0
14,0.07451357585764395,0.21103727950888207,1.0
15,0.0673393661880813,0.1990203046602125,1.0
16,0.06983136868564128,0.21569100177589043,1.0
17,0.07698408539385058,0.24891176964792286,1.0
18,0.07366629282568118,0.2497788693893044,1.0
19,0.07972804372456774,0.2840527270488588,1.0
20,0.07323709398277471,0.2747699688594134,1.0
21,0.07708025693896729,0.3052711117449264,1.0
22,0.07218031887158016,0.3025810009635752,1.0
23,0.08020109105146069,0.35694573789567097,1.0
24,0.0867279071206956,0.41121378937621605,1.0
25,0.07415562243127137,0.37603624371822975,1.0
26,0.08422612435561802,0.4588214040466959,1.0
27,0.06378353839625406,0.37518952105649445,1.0
28,0.057473439854449776,0.3672495111937468,1.0
29,0.05863324837609798,0.4098910088179774,1.0
30,0.056929065748896224,0.4391134841584624,1.0
31,0.05340295715839638,0.4592199376236346,1.0
32,0.05665373571695052,0.5501616295170796,1.0
33,0.04595466689735195,0.5123237023368103,1.0
34,0.03481380354812987,0.4553694948134121,1.0
35,0.034739436255992656,0.5493993918319342,1.0
36,0.024561862510654276,0.49090803895242113,1.0
37,0.025191194139592848,0.6835632091194421,1.0
38,0.014805943368815253,0.6251249600507456,1.0
39,0.006978306889223707,0.663022843918276,1.0
40,-0.002055138954522049,0.7810784273065022,1.0
41,-0.009853483505201243,0.6241039285574166,1.0
42,-0.017763777052193678,0.6135864959715066,1.0
43,-0.03110333554631879,0.7383882342242291,1.0
44,-0.032514734897518084,0.5878588919597788,1.0
45,-0.05584598960469131,0.815069927152139,1.0
46,-0.06201486748953543,0.7586194421960223,1.0
47,-0.06638719319641462,0.6987706965292816,1.0
48,-0.08371097909645418,0.7729719459231433,1.0
49,-0.11050360707110615,0.9085422840217344,1.0
50,-0.0930064662348036,0.6889372910652292,1.0
51,-0.10153156385802384,0.6840826664666388,1.0
52,-0.1413691029860643,0.873227408228856,1.0
53,-0.16769033060399843,0.9559209452469776,1.0
54,-0.15843565328048714,0.8382149255863396,1.0
55,-0.1634815663413567,0.8066150537941941,1.0
56,-0.2302375729400865,1.063897067929432,1.0
57,-0.16838297772569155,0.7313951404362474,1.0
58,-0.2018766064460393,0.8269647651663493,1.0
59,-0.20444449190445382,0.7921042584060195,1.0
60,-0.22714533235830778,0.8345292769386141,1.0
61,-0.23172772579426143,0.8092019345243137,1.0
62,-0.2870330667596724,0.9546924600688744,1.0
63,-0.24924711669337427,0.7911156614487705,1.0
64,-0.33489969278845555,1.0161396434966852,1.0
65,-0.3310766920941694,0.9617905489078311,1.0
66,-0.31153498555183184,0.86775662864313,1.0
67,-0.3848296571372074,1.0291360905792861,1.0
68,-0.3381808234854542,0.8693483862899006,1.0
69,-0.3584517014450031,0.8867512304102267,1.0
70,-0.4467679330287908,1.06470045374989,1.0
71,-0.3852907249117184,0.8853646835293435,1.0
72,-0.43084464685888196,0.9554884202944385,1.0
73,-0.4711389608047148,1.00920507930769,1.0
74,-0.48641182936804184,1.007137801781813,1.0
75,-0.45644837377217773,0.9141883016714716,1.0
76,-0.4587580117405009,0.8893440297751022,1.0
77,-0.5499361955257582,1.032531179075831,1.0
78,-0.6376386493978495,1.1601496074239155,1.0
79,-0.5901038673274,1.0409803590088589,1.0
80,-0.533586504278571,0.913068712647793,1.0
81,-0.6371937483633734,1.0581547489459004,1.0
82,-0.6912068153701673,1.11440960142476,1.0
83,-0.5906139242505594,0.9248391363835614,1.0
84,-0.804672750576189,1.224224889480297,1.0
85,-0.6517303304564341,0.9636754416928619,1.0
86,-0.7948527356967956,1.1426164858583037,1.0
87,-0.7368287305732164,1.0300310338812342,1.0
88,-0.7788962698146532,1.059111751661418,1.0
89,-0.7995609079014394,1.0577681229549039,1.0
90,-1.0606187792921495,1.3654117183327041,1.0
91,-0.8941573254636871,1.1203736539103588,1.0
92,-0.8400720326586831,1.02466113716134,1.0
93,-1.0483474661249417,1.2449304777141628,1.0
94,-1.2298001065729678,1.422011795981662,1.0
95,-0.8502593085213552,0.9573994702012485,1.0
96,-1.0564199775542225,1.158477322005488,1.0
97,-0.9441692216834688,1.0084115389499115,1.0
98,-0.9797575927290755,1.0192095768443399,1.0
99,-1.0175337716403683,1.0310090225092048,1.0
100,-0.9403017701797369,0.9280120598387497,1.0
101,-0.9591726167278238,0.922044567994112,1.0
102,-1.0317383834444653,0.9660099957722792,1.0
103,-1.2323380277468226,1.123773842510614,1.0
104,-1.1487551463224106,1.0202008532207862,1.0
105,-1.6699137148944605,1.4441934098916238,1.0
106,-1.1676395620964692,0.9832613131286222,1.0
107,-1.2001841970598308,0.9839752298814163,1.0
108,-1.1412342631670773,0.9108059377506941,1.0
109,-1.3848502183361326,1.0757181356753538,1.0
110,-1.2526285830247736,0.9468548213654965,1.0
111,-1.3206054435073027,0.9712050236730796,1.0
112,-1.3222617534410914,0.945874849617253,1.0
113,-1.633986978030696,1.1366709964849055,1.0
114,-1.4124904581192663,0.9552623561927684,1.0
115,-1.424036762950527,0.9360074189076972,1.0
116,-1.4512928163432957,0.9268138768963934,1.0
117,-1.710590450903858,1.060984916551532,1.0
118,-1.3642839917007417,0.8215369551286551,1.0
119,-1.7579473621012143,1.0273235460332255,1.0
120,-1.8090863640767247,1.0255225764176552,1.0
121,-1.949890349202055,1.0716940649576012,1.0
122,-2.0900228468884414,1.1131665912582887,1.0
123,-1.5429290589143343,0.7959024220392866,1.0
124,-1.5529272069365883,0.775366625121732,1.0
125,-1.5054559760417776,0.7270818293623856,1.0
126,-2.021685736014591,0.943807097555472,1.0
127,-1.6024518888803134,0.7225705759576182,1.0
128,-1.7951564596892473,0.7812115691428544,1.0
129,-2.096451679271488,0.8797097626323411,1.0
130,-1.7356354414771207,0.7015964069177666,1.0
131,-1.7530526028829818,0.6819461359862574,1.0
132,-1.6597538673653944,0.6206395029357595,1.0
133,-1.86576909418897,0.6698333710341032,1.0
134,-1.671047311084883,0.5752238018091167,1.0
135,-2.1955153771194365,0.7235987986645547,1.0
136,-1.770598808744931,0.5578408687956127,1.0
137,-1.9844181913205303,0.5966252620737384,1.0
138,-2.1151265894043614,0.605699830188579,1.0
139,-1.9412696787196893,0.5283821173865476,1.0
140,-2.765733494263156,0.7138441347552097,1.0
141,-2.2305356173043505,0.5445128740011614,1.0
142,-2.1927319774730334,0.504814318975417,1.0
143,-2.6421623806328296,0.5717893884362651,1.0
144,-2.1557226358241763,0.4369133844506379,1.0
145,-2.154810348890816,0.40729265836355777,1.0
146,-2.300949185616731,0.40363895315567355,1.0
147,-1.9519698197696402,0.3160095753709824,1.0
148,-2.6899661224262355,0.39924482891185725,1.0
149,-2.331584458675149,0.31476367158768237,1.0
150,-2.060536403133999,0.250617620172518,1.0
151,-2.4632965246469847,0.26676901402524544,1.0
152,-2.0708514125434454,0.19674267036157764,1.0
153,-2.0957519833331997,0.17132144828916468,1.0
154,-2.8136049472681615,0.1927792296126722,1.0
155,-2.2662903707814697,0.12534952114290723,1.0
156,-2.4839060458442503,0.10463027392438491,1.0
157,-2.06973984458923,0.059920479666216775,1.0
158,-2.273064908841885,0.03588762473791204,1.0
159,-2.1282043195615215,0.005599636921731263,1.0
160,-2.282737862171216,-0.02402578658638958,1.0
161,-2.1220136304991337,-0.050259413155528995,1.0
162,-2.4226222041630936,-0.08928032617579912,1.0
163,-2.5901842063234337,-0.12959606139012553,1.0
164,-2.257426460268803,-0.14274082531763807,1.0
165,-2.271816873667373,-0.17368441943962243,1.0
166,-2.2632501467614747,-0.20301014012314883,1.0
167,-2.327015062923518,-0.2396279371572176,1.0
168,-2.224157122339303,-0.2586485424227686,1.0
169,-2.7798014411829643,-0.36038861188073407,1.0
170,-2.296454278832652,-0.3284984818365265,1.0
171,-2.6622134957687043,-0.4166283754372278,1.0
172,-2.2952923011440505,-0.3902077654205154,1.0
173,-2.7650762849841883,-0.5075867363156974,1.0
174,-2.5105144593935513,-0.49508196475479715,1.0
175,-2.372430556320768,-0.5003624446811618,1.0
176,-2.279713025245756,-0.5122220340459004,1.0
177,-2.7128338592916696,-0.6471431199768676,1.0
178,-2.299609790701884,-0.5806462082621607,1.0
179,-2.8550488713660864,-0.7609837544678564,1.0
180,-2.7073959617334022,-0.7599130832483444,1.0
181,-2.6074731641169433,-0.7690117347098897,1.0
182,-2.5434321044350714,-0.7866393565810423,1.0
183,-3.2317005492581075,-1.0462841318309353,1.0
184,-2.71378194760165,-0.9182196592259829,1.0
185,-2.35657326070721,-0.8320648410292436,1.0
186,-3.185931059869645,-1.1722578407864208,1.0
187,-2.6365486788240604,-1.0096891307726699,1.0
188,-2.962657430286468,-1.1794962947399483,1.0
189,-2.423149173347238,-1.0018343697084444,1.0
190,-2.704070498087061,-1.1598645286553038,1.0
191,-2.5949931256653165,-1.1537295041832871,1.0
192,-2.3602890645969943,-1.0867906706264803,1.0
193,-2.7473873216932607,-1.3091057751721684,1.0
194,-2.6384068930688818,-1.3000396792849904,1.0
195,-2.7646703007025026,-1.4077537227546617,1.0
196,-2.507480104996144,-1.3186173820742988,1.0
197,-2.4442645161835914,-1.326711022385235,1.0
198,-2.9865804671436647,-1.6723073681884846,1.0
199,-2.4700482289373236,-1.4260830098883197,1.0
200,-0.0,0.0,0.0
201,-0.007423450783081724,0.012475831255950726,0.0
202,-0.014882618235015216,0.024279055472473852,0.0
203,-0.021238945186615253,0.03364697620534606,0.0
204,-0.029086367301700087,0.04476328851181724,0.0
205,-0.041668476707293324,0.062316903971486676,0.0
206,-0.04560538234094903,0.06630017086784028,0.0
207,-0.06078337183817786,0.08592251353393818,0.0
208,-0.06215345154049501,0.085452287456348,0.0
209,-0.086026404648447,0.1150611787682531,0.0
210,-0.08670443082688901,0.11284164812097736,0.0
211,-0.1173121674668893,0.1485885114908331,0.0
212,-0.10844023355814374,0.13369661720394355,0.0
213,-0.11559588206323797,0.1387474356496262,0.0
214,-0.16168065224692457,0.1889510950595585,0.0
215,-0.17652375027906564,0.20088657027973808,0.0
216,-0.15581307501944622,0.17268212012271927,0.0
217,-0.17858795323377924,0.19276246977651412,0.0
218,-0.17664406164880828,0.18570315088332048,0.0
219,-0.22195916479268443,0.22727846476004,0.0
220,-0.1884720739158533,0.18797682693777162,0.0
221,-0.2450858832156124,0.23809315516759866,0.0
222,-0.2671017623298404,0.2527364987706229,0.0
223,-0.25821220597709627,0.23796545580135292,0.0
224,-0.3188857589802245,0.28621576073990085,0.0
225,-0.26503056778073225,0.23165565024376664,0.0
226,-0.3379869625666906,0.2876698981189499,0.0
227,-0.27775489025553773,0.23017301323801553,0.0
228,-0.3519992215550017,0.28397150097577056,0.0
229,-0.32791750118261026,0.2574965546440897,0.0
230,-0.3240649443560921,0.24764928479162565,0.0
231,-0.33521268345490046,0.2492520999716448,0.0
232,-0.39982732525299164,0.2892076601136815,0.0
233,-0.3685018580024505,0.25923376663679826,0.0
234,-0.39550968270456494,0.27052590115112557,0.0
235,-0.4294748644663994,0.28553791820231705,0.0
236,-0.4168078409740514,0.2692770592342527,0.0
237,-0.43454251536451644,0.27269954693468873,0.0
238,-0.47306416139080093,0.2882700618426886,0.0
239,-0.5824906505927565,0.3445253848938852,0.0
240,-0.5218185259540401,0.2994441954265859,0.0
241,-0.6334284698744184,0.3524962774636969,0.0
242,-0.6595507370469122,0.3557510440036368,0.0
243,-0.5637834807049055,0.2945877919078772,0.0
244,-0.6505233465152277,0.3290900975922636,0.0
245,-0.6937254437724966,0.3395584004957197,0.0
246,-0.7319820387129213,0.346422694985632,0.0
247,-0.7177438846782005,0.32819771387281865,0.0
248,-0.6081876358760087,0.26848487049845854,0.0
249,-0.7579915218041833,0.32276875843183145,0.0
250,-0.7380404725305301,0.30286639277228006,0.0
251,-0.6687615534541524,0.264211671243256,0.0
252,-0.6496324354271216,0.24682437224971593,0.0
253,-0.725110901861341,0.2646392215754571,0.0
254,-0.8193492325135274,0.2868755500708228,0.0
255,-1.0057723608337354,0.3373606708798615,0.0
256,-0.719970493202226,0.2310040071244157,0.0
257,-0.7889114934926394,0.2417241602116789,0.0
258,-0.7644706925896261,0.2232776100398342,0.0
259,-0.8537710229778332,0.2372152330781712,0.0
260,-0.8926773368375811,0.23542003867771355,0.0
261,-0.930433490652758,0.23232986036363565,0.0
262,-0.9597447522983146,0.22627864513818097,0.0
263,-0.8796319319070659,0.19521206379189446,0.0
264,-0.8574884420049705,0.17849516136049684,0.0
265,-1.273120424231193,0.24758542150945825,0.0
266,-0.9787277061633336,0.17700496174078903,0.0
267,-0.9705901717828341,0.16237733730708945,0.0
268,-0.9506906967472015,0.14621860073663054,0.0
269,-0.94292959019918,0.13235144965161408,0.0
270,-1.2029201562404137,0.15273595521324523,0.0
271,-0.944269509361532,0.10729230843375105,0.0
272,-1.1097896028616205,0.11133208831191437,0.0
273,-1.0139928945114125,0.08826483560077031,0.0
274,-1.0277321509196713,0.0758525597282103,0.0
275,-1.0652347638164337,0.06454302708428453,0.0
276,-1.0041071494676062,0.047590798651609555,0.0
277,-1.2997343466895308,0.04447468818385051,0.0
278,-1.0609697295788745,0.02233585972931493,0.0
279,-1.2715892329391285,0.010037433071244833,0.0
280,-1.4987783798450431,-0.007887093150257624,0.0
281,-1.087418191015084,-0.020030384750529644,0.0
282,-1.182187403903963,-0.03733855183172003,0.0
283,-1.3866795244777763,-0.06206694093913128,0.0
284,-1.21120477143279,-0.07018935376378684,0.0
285,-1.3102647078901064,-0.09323947477229831,0.0
286,-1.1733674788146895,-0.0990278897447736,0.0
287,-1.4942731705107337,-0.14593260063049834,0.0
288,-1.2000308901123378,-0.13315583317902224,0.0
289,-1.299060180592786,-0.1614709747630506,0.0
290,-1.3709792303793757,-0.18875636782707547,0.0
291,-1.3250281183944337,-0.20022524790322577,0.0
292,-1.5218746369967977,-0.25049131420068277,0.0
293,-1.4623146385252757,-0.2604911421505316,0.0
294,-1.5312963794956276,-0.29361392592980967,0.0
295,-1.6653530711187603,-0.3420914410165173,0.0
296,-1.2443573689643972,-0.27272030722743645,0.0
297,-1.4066299730724676,-0.32773622647128925,0.0
298,-1.3124195630047046,-0.32404595740943,0.0
299,-1.5569019573801055,-0.4062133933850052,0.0
300,-1.2841638069236183,-0.3531603114039839,0.0
301,-1.5114660383343108,-0.43713839298954504,0.0
302,-1.6044538558780845,-0.4869938969712145,0.0
303,-1.4612052389048886,-0.46459381918406295,0.0
304,-1.3709835362135026,-0.4558518543459128,0.0
305,-1.4198982342146587,-0.4929533291611552,0.0
306,-1.4342689828621935,-0.5191838960903911,0.0
307,-1.3508494899568477,-0.5091847208507932,0.0
308,-1.8082474428431117,-0.7089005652047952,0.0
309,-1.7580453377739669,-0.7160424342510804,0.0
310,-1.403541070623663,-0.593299687015401,0.0
311,-1.398913521529567,-0.6131584245345726,0.0
312,-1.3929929430692947,-0.632537909741224,0.0
313,-1.383820690455201,-0.6504651650493078,0.0
314,-1.3709620993603664,-0.6665803331235137,0.0
315,-1.4135352484647243,-0.7104216373987016,0.0
316,-1.7341915569056765,-0.9003479350483905,0.0
317,-1.4509756095309059,-0.7777113994343181,0.0
318,-1.5236086742212294,-0.8426295545297696,0.0
319,-1.6694325170570024,-0.952169280752975,0.0
320,-1.639944014942597,-0.9641612502877923,0.0
321,-1.758357051419673,-1.0651518344617121,0.0
322,-1.3776989778741378,-0.8595383684190475,0.0
323,-1.8585405610826644,-1.193783428435099,0.0
324,-1.502888080423444,-0.9935082705176563,0.0
325,-1.5520942782529012,-1.055638179419239,0.0
326,-1.617087964951416,-1.1312406925074734,0.0
327,-1.7255772041316444,-1.2412615517385326,0.0
328,-1.731651110590321,-1.280531991685047,0.0
329,-1.4115975926507969,-1.0728665227048941,0.0
330,-1.387097008382725,-1.08332717967424,0.0
331,-1.601434899667288,-1.2849987591813676,0.0
332,-1.4043965826786675,-1.1575917709036692,0.0
333,-1.6634190302924174,-1.408250767671492,0.0
334,-1.4469737658697137,-1.2580579267759933,0.0
335,-1.5968734027029725,-1.425704404825163,0.0
336,-1.5782402023322335,-1.4468274386178241,0.0
337,-1.5634180774154884,-1.471557092448823,0.0
338,-1.7705654159464697,-1.7110159598893724,0.0
339,-1.4818304948472345,-1.4701796637160756,0.0
340,-1.3462516518020777,-1.3712781556519542,0.0
341,-1.4454930610209078,-1.5116396890651889,0.0
342,-1.4031325960374688,-1.506528769523397,0.0
343,-1.5780688863500458,-1.7396928139276584,0.0
344,-1.330836104334082,-1.5064981207956574,0.0
345,-1.37999301476384,-1.6041906686487282,0.0
346,-1.672205651392651,-1.9964104040086277,0.0
347,-1.5081940295030645,-1.8494935138671103,0.0
348,-1.3259035907689345,-1.670344568242593,0.0
349,-1.3755993722220965,-1.7805598190647969,0.0
350,-1.6059982746028698,-2.1362951197975675,0.0
351,-1.2148060208618774,-1.660983169138535,0.0
352,-1.1639486287896115,-1.63619316750645,0.0
353,-1.2139000572780003,-1.7548366219149245,0.0
354,-1.3165720562690229,-1.9578190060799114,0.0
355,-1.2975675967867781,-1.9854745248574157,0.0
356,-1.3649028541988217,-2.1497424190148755,0.0
357,-1.144112662406476,-1.8554961153423115,0.0
358,-1.104161374023916,-1.8445887792065616,0.0
359,-1.2354108062025257,-2.126851038031649,0.0
360,-1.1213996987075385,-1.9904087492968445,0.0
361,-1.245586455443914,-2.280472825102155,0.0
362,-1.0910453896670587,-2.061544230468691,0.0
363,-1.032908253295969,-2.0153840472808704,0.0
364,-0.9947624179188844,-2.0055255952388356,0.0
365,-1.0333875603798837,-2.1541304648485413,0.0
366,-1.1618498944952627,-2.505925773686182,0.0
367,-1.0476162079575377,-2.3397178132169945,0.0
368,-1.3624779558169473,-3.1535077523892596,0.0
369,-1.1732116006951763,-2.816649316817315,0.0
370,-0.9695164889884881,-2.4167075874251207,0.0
371,-0.9322016775800119,-2.41516333624348,0.0
372,-0.8768821094417939,-2.3639551994557744,0.0
373,-0.8516268760154292,-2.3919116528471163,0.0
374,-0.7443754269869871,-2.1810691070962136,0.0
375,-0.8781106175247748,-2.6880996252208855,0.0
376,-0.8879713246573137,-2.8445319694398754,0.0
377,-0.7537139606941291,-2.531039720446197,0.0
378,-0.8718411502013385,-3.0750498886315754,0.0
379,-0.7335189331419263,-2.7231946003142853,0.0
380,-0.7411918213366765,-2.90323636146662,0.0
381,-0.7225716090608606,-2.9941055214406362,0.0
382,-0.6316764637956199,-2.777177371128024,0.0
383,-0.5669871838885504,-2.653728478476824,0.0
384,-0.5901909695332566,-2.9518656557631453,0.0
385,-0.6033102911421259,-3.2385240440292633,0.0
386,-0.4283946256421476,-2.480399758421594,0.0
387,-0.42323757615259433,-2.658632902404423,0.0
388,-0.415046064744041,-2.8480100008044857,0.0
389,-0.36587007533504196,-2.765003423372762,0.0
390,-0.37597536079596616,-3.160568493280578,0.0
391,-0.26772520561508534,-2.534405177474462,0.0
392,-0.298737701856027,-3.234791669316551,0.0
393,-0.21168381170089534,-2.6761937576506503,0.0
394,-0.2160705986776949,-3.280070006001599,0.0
395,-0.1673684985863857,-3.17758399728108,0.0
396,-0.10198723240308633,-2.5827562716463217,0.0
397,-0.0862948777964421,-3.2789835358664132,0.0
398,-0.03644982798301505,-2.7704790910601935,0.0
399,-5.067157071677313e-16,-2.7584318325932915,0.0
400,-0.0,0.0,1.0
401,-0.017804540383022052,-0.0002342455629323721,1.0
402,-0.0333946595183368,-0.0008788662799513481,1.0
403,-0.044772222287411303,-0.0017679542935416825,1.0
404,-0.05824148514866887,-0.0030676734063095133,1.0
405,-0.07323979288548381,-0.004824581751865536,1.0
406,-0.08189208990248183,-0.006477569006037762,1.0
407,-0.10994241829246626,-0.010153341771194983,1.0
408,-0.1123985405826282,-0.01187336683801525,1.0
409,-0.14158040309208264,-0.01684214192711001,1.0
410,-0.15643921159774257,-0.020700309319256937,1.0
411,-0.14742337906495015,-0.021484297216264152,1.0
412,-0.160693595108908,-0.025581406005933185,1.0
413,-0.18369105893467358,-0.03172563703046204,1.0
414,-0.2749005734041364,-0.051211707160661105,1.0
415,-0.20985835361105232,-0.04195872022175026,1.0
416,-0.22923227557574263,-0.04897703869826752,1.0
417,-0.30212103767367915,-0.06871824273811392,1.0
418,-0.24259629572069547,-0.058546098157142804,1.0
419,-0.2932346159460357,-0.07486235084290835,1.0
420,-0.28834249287547126,-0.07766785294341046,1.0
421,-0.2962508104052665,-0.0839933193431031,1.0
422,-0.36754190323744923,-0.1094496705730556,1.0
423,-0.4183042524657457,-0.13058112377093006,1.0
424,-0.33773325941178783,-0.11032595600186146,1.0
425,-0.31350225741855264,-0.10699494847185717,1.0
426,-0.34255722608995826,-0.12196560017768704,1.0
427,-0.40304296764868086,-0.14950417323848597,1.0
428,-0.39168571528118273,-0.15118235499432692,1.0
429,-0.4486367742715248,-0.1799807111485415,1.0
430,-0.40979840044745414,-0.17069225994187323,1.0
431,-0.42896400309358895,-0.18533456834256865,1.0
432,-0.48317533362152115,-0.21634331624428643,1.0
433,-0.5130156315689585,-0.23785507283243992,1.0
434,-0.47408354492188237,-0.22742913945907026,1.0
435,-0.4486585605906969,-0.2225395056601394,1.0
436,-0.45828863087110416,-0.23487836467552556,1.0
437,-0.47958995045652036,-0.2538167246876281,1.0
438,-0.5046600011101653,-0.27564356613588376,1.0
439,-0.5352871409448428,-0.30158169209697494,1.0
440,-0.5854159501157843,-0.3400469416822388,1.0
441,-0.4824422115975338,-0.28878743124188605,1.0
442,-0.6581840562351366,-0.4058411692194518,1.0
443,-0.5111539228705784,-0.3245390899346386,1.0
444,-0.5329729906872086,-0.3483139541807653,1.0
445,-0.5371718548733884,-0.361231273853327,1.0
446,-0.5080447813205615,-0.3514376104550637,1.0
447,-0.6156971031484313,-0.4379921718237627,1.0
448,-0.5229474762137333,-0.38247211320536884,1.0
449,-0.5932122037171972,-0.4459579422404235,1.0
450,-0.632402251038144,-0.488572262613915,1.0
451,-0.5719721611123834,-0.4540260474739561,1.0
452,-0.5706195445627963,-0.46531927999462125,1.0
453,-0.5740296060581358,-0.480810733799884,1.0
454,-0.6026160195533398,-0.5183959200242029,1.0
455,-0.5747956691509489,-0.507772839913625,1.0
456,-0.6400942913052761,-0.5806271528814516,1.0
457,-0.6349909787124841,-0.5914102395157627,1.0
458,-0.5684284043560478,-0.5435550019806471,1.0
459,-0.5605291060288277,-0.5502991729024374,1.0
460,-0.6220488796011837,-0.6269784719703508,1.0
461,-0.5852657948948498,-0.605635131331118,1.0
462,-0.5676011525402667,-0.6030332816830067,1.0
463,-0.5788748696293996,-0.6314530447678871,1.0
464,-0.7647411106131254,-0.8565553528197084,1.0
465,-0.6881212089475711,-0.7914526953757489,1.0
466,-0.6088350235731522,-0.7191530001397874,1.0
467,-0.7817600509087187,-0.9484355120405124,1.0
468,-0.7676219382008393,-0.9566519444487367,1.0
469,-0.575342229958621,-0.7366707869471403,1.0
470,-0.5809136688130764,-0.7643227923330744,1.0
471,-0.621787560074024,-0.8408373441233415,1.0
472,-0.6161812464754213,-0.856602954503969,1.0
473,-0.5585076988642916,-0.7983765825858385,1.0
474,-0.5782382503307982,-0.8501779277243933,1.0
475,-0.6747545487635412,-1.0207067204582496,1.0
476,-0.583233706202734,-0.9080068241433782,1.0
477,-0.6572335580992315,-1.053437559609268,1.0
478,-0.595450754923847,-0.982972567683399,1.0
479,-0.6437488980580652,-1.0949539324268591,1.0
480,-0.5424174405780434,-0.9510171472910017,1.0
481,-0.6806674509059943,-1.2307553501837012,1.0
482,-0.5325171662166959,-0.9935169015125085,1.0
483,-0.534959496679951,-1.0304041430150221,1.0
484,-0.5641507982522013,-1.1224982416061402,1.0
485,-0.6933930382383102,-1.4261080445181873,1.0
486,-0.5906960760913655,-1.256665991950495,1.0
487,-0.5841872920209858,-1.2865138400146052,1.0
488,-0.5023378021785073,-1.1460776134265354,1.0
489,-0.46148225360577133,-1.0917067891236747,1.0
490,-0.4640569765745847,-1.139364324101437,1.0
491,-0.6473089293541814,-1.6511408985773124,1.0
492,-0.4469965455329634,-1.1858664072573681,1.0
493,-0.48485346991979356,-1.3394296286454817,1.0
494,-0.5995417673029767,-1.7269145908397554,1.0
495,-0.5282136331627098,-1.5886130280388644,1.0
496,-0.4316924891589558,-1.3577264713998494,1.0
497,-0.3939735563811691,-1.2979883230182068,1.0
498,-0.3856439531008458,-1.3334169392320032,1.0
499,-0.35780069860215313,-1.3010372128460168,1.0
500,-0.3794372974136058,-1.454276694629703,1.0
501,-0.34575930743073596,-1.4003608710035704,1.0
502,-0.3618122108066933,-1.5528826514663392,1.0
503,-0.33370738097659647,-1.5226267629925183,1.0
504,-0.2844306511555286,-1.3846515920265219,1.0
505,-0.30659609137114935,-1.5990027829823854,1.0
506,-0.3286945092699851,-1.8451867059288387,1.0
507,-0.2498667831420365,-1.5180802620053724,1.0
508,-0.22667956490477553,-1.5000945210936307,1.0
509,-0.22296141815903828,-1.6194180731004997,1.0
510,-0.20227693102385189,-1.6273507169396766,1.0
511,-0.18206309716135657,-1.6407943634689475,1.0
512,-0.15235502581539095,-1.5600354306358373,1.0
513,-0.15466605639714084,-1.83261625710348,1.0
514,-0.13279979677415218,-1.866193340890054,1.0
515,-0.09687766038948371,-1.6717447620884753,1.0
516,-0.07168859318436027,-1.6016433676803687,1.0
517,-0.057967831077182355,-1.8353373756949254,1.0
518,-0.034665403002827576,-1.881930391933497,1.0
519,-0.011147811979394245,-2.1184103267180183,1.0
520,0.013055610799299231,-1.6539461836505647,1.0
521,0.03730307963508908,-1.771923659645679,1.0
522,0.07089406208019625,-2.07181772879597,1.0
523,0.08037435041589126,-1.6957996539879903,1.0
524,0.10539490717794046,-1.739464728057142,1.0
525,0.1374256587820385,-1.8619907936882787,1.0
526,0.15856149803395111,-1.8215660999668817,1.0
527,0.17758937993049242,-1.7702609410625034,1.0
528,0.1901872302748119,-1.673819915332651,1.0
529,0.250074736975848,-1.9695424122943002,1.0
530,0.2563051052076146,-1.8260296238200437,1.0
531,0.2671541818258372,-1.7369951153916905,1.0
532,0.3230650398662185,-1.9310807637384086,1.0
533,0.3425383279973581,-1.8940246009873467,1.0
534,0.3423068517284182,-1.760191862803518,1.0
535,0.375866342336174,-1.8056570376214265,1.0
536,0.4281048442669313,-1.9290544032296209,1.0
537,0.5076944986821343,-2.153350045839945,1.0
538,0.5708533601041439,-2.2861507498916813,1.0
539,0.6034366020204658,-2.288140728663234,1.0
540,0.5389863442288307,-1.9398877403951902,1.0
541,0.5560653994659397,-1.903888620892239,1.0
542,0.6792364368865591,-2.216813707779736,1.0
543,0.6668756214315847,-2.0784521274907934,1.0
544,0.6487170022914318,-1.9340180620520158,1.0
545,0.9222790101958414,-2.634133856931141,1.0
546,0.8285487384674772,-2.2702217736645127,1.0
547,0.7123234045769881,-1.87480832589303,1.0
548,0.7156478462647902,-1.8114179556947816,1.0
549,0.7862026475733912,-1.915859228250857,1.0
550,0.9444121260725231,-2.2178614439948188,1.0
551,1.0503824699661923,-2.3793878216985362,1.0
552,0.8566545903824372,-1.8734395991763977,1.0
553,0.8869551281895715,-1.874112846463513,1.0
554,1.1643429804465604,-2.3787788776083123,1.0
555,0.9328820567437354,-1.84405900358884,1.0
556,1.2947266147383927,-2.477853792552131,1.0
557,1.1688871654908142,-2.1670783670736378,1.0
558,1.3982758450994446,-2.512672574577523,1.0
559,1.3810838461000243,-2.4067093227978087,1.0
560,1.2321086061516036,-2.083131679307852,1.0
561,1.2301185347241776,-2.018679946577788,1.0
562,1.2309063805287868,-1.9614303022707826,1.0
563,1.3812216797025096,-2.137961651321115,1.0
564,1.2018745889855476,-1.8077281275282104,1.0
565,1.5048381328303053,-2.2000778849821003,1.0
566,1.3322826990825911,-1.8938452978785856,1.0
567,1.5971241235234452,-2.20801159331118,1.0
568,1.4452994642845969,-1.943745757303088,1.0
569,1.474210091419899,-1.9290982877142324,1.0
570,1.5540833592997512,-1.9790988369356377,1.0
571,1.4214207784748965,-1.7619338764841725,1.0
572,1.5418930241402147,-1.8606365780291714,1.0
573,2.060607626893279,-2.421033682736718,1.0
574,1.7418456385264753,-1.992795505222027,1.0
575,1.6247313816311002,-1.8101857788371403,1.0
576,1.612249886019698,-1.7494245047188137,1.0
577,1.651166632416456,-1.7450171208509573,1.0
578,2.014470033464105,-2.073634443692413,1.0
579,1.7832885371609444,-1.7879868197815423,1.0
580,2.1454524027608453,-2.0952395288397856,1.0
581,1.9471249705678695,-1.8521390816628178,1.0
582,2.027901573795693,-1.8787826896159496,1.0
583,2.134211536979355,-1.9257237638871316,1.0
584,2.034858591239651,-1.7880780647158567,1.0
585,1.8893324768553292,-1.6166538070233547,1.0
586,2.4633197041315427,-2.0522874002652416,1.0
587,2.094858390971205,-1.6991225203673623,1.0
588,2.1651579861808457,-1.7094146358871785,1.0
589,2.1331544606233876,-1.6390574442505637,1.0
590,2.387741722675295,-1.7852140733284436,1.0
591,2.677837093162189,-1.9477163567823501,1.0
592,2.221558291340688,-1.5715765068885192,1.0
593,2.847235326428098,-1.9585055962411637,1.0
594,2.2967111987906828,-1.5357062208029066,1.0
595,2.7259719427096187,-1.7712867802116292,1.0
596,2.399258120683687,-1.514481164748645,1.0
597,2.800928439437201,-1.7169180537109863,1.0
598,2.3854767292093335,-1.4194219791988352,1.0
599,2.313154992293326,-1.33550065747788,1.0
600,-0.0,-0.0,0.0
601,-0.00646249498993952,-0.011541395842125917,0.0
602,-0.01420205384213456,-0.026165137454611874,0.0
603,-0.02242640193336618,-0.042645999847280985,0.0
604,-0.03199516347154051,-0.06283490981845934,0.0
605,-0.0448803746841986,-0.09108390445084684,0.0
606,-0.0413537838209872,-0.08678814464696834,0.0
607,-0.04071925570102465,-0.08843397035627393,0.0
608,-0.04344609180607916,-0.09771988075628558,0.0
609,-0.05091668110694819,-0.11870549692680764,0.0
610,-0.058560995725128705,-0.14164220421289084,0.0
611,-0.05737241265360509,-0.14410795981274352,0.0
612,-0.06514773187724505,-0.1701168816959432,0.0
613,-0.06025555045661567,-0.1637609261802751,0.0
614,-0.06755888435923443,-0.19134020878378497,0.0
615,-0.07751218349686755,-0.2290858861269658,0.0
616,-0.06510469643664066,-0.20109153606811203,0.0
617,-0.07270520569810271,-0.23507691648664505,0.0
618,-0.08284740948216984,-0.28090910345192477,0.0
619,-0.08525897740972471,-0.3037581747558506,0.0
620,-0.06803810655222531,-0.2552644759908875,0.0
621,-0.08898224284517942,-0.3524081169113558,0.0
622,-0.07381169640963475,-0.30941976056080317,0.0
623,-0.07324634077413594,-0.32599268679531956,0.0
624,-0.07237583028038791,-0.34316450629241746,0.0
625,-0.07174881161423599,-0.36383153058515233,0.0
626,-0.08002378688773841,-0.43592919106596206,0.0
627,-0.06236063180414605,-0.36681965547323653,0.0
628,-0.057335480705026434,-0.36636796607797295,0.0
629,-0.0651302450148433,-0.4553099576277088,0.0
630,-0.05527226230324901,-0.4263339887633855,0.0
631,-0.059867024627971194,-0.514805411127818,0.0
632,-0.048540782483251124,-0.47137714134937997,0.0
633,-0.04325799938801875,-0.4822600161950094,0.0
634,-0.043997601114774146,-0.5754948713069553,0.0
635,-0.03205017182640681,-0.5068690458815142,0.0
636,-0.029873752580535415,-0.59707464322378,0.0
637,-0.018977612386277848,-0.5149576297298318,0.0
638,-0.012455498283471832,-0.5258863061213006,0.0
639,-0.006002735154034183,-0.5703318292380926,0.0
640,0.001525575433460913,-0.5798119186457943,0.0
641,0.009576267138301748,-0.606545486048132,0.0
642,0.022882882749645346,-0.790407794627669,0.0
643,0.02421362042871143,-0.5748274941736293,0.0
644,0.03793447177610512,-0.6858464820847455,0.0
645,0.04186072766722287,-0.6109556029318309,0.0
646,0.06713676710461763,-0.8212749437922092,0.0
647,0.07264986185820142,-0.764689575340461,0.0
648,0.08126739079248291,-0.7504082962472833,0.0
649,0.08151380544624784,-0.6701929551655523,0.0
650,0.09071093709225901,-0.6719333590479294,0.0
651,0.10737458248851385,-0.7234507960716304,0.0
652,0.13290214883756532,-0.8209276038832448,0.0
653,0.13459263881998654,-0.7672471159229672,0.0
654,0.15772348328492425,-0.8344471403216281,0.0
655,0.15590234401240405,-0.7692193096537147,0.0
656,0.17471410101701626,-0.8073305213580438,0.0
657,0.23403844978334357,-1.0165789152726974,0.0
658,0.22269827616303756,-0.9122583883900564,0.0
659,0.22492066333399452,-0.8714375895909519,0.0
660,0.22555475797947006,-0.8286855253963435,0.0
661,0.2233669271726266,-0.780005711260113,0.0
662,0.26670376658311745,-0.887075757170724,0.0
663,0.25011074720717846,-0.7938568431091237,0.0
664,0.3432784423773286,-1.0415621201472187,0.0
665,0.2803394161839283,-0.8143968071764779,0.0
666,0.3071747469327892,-0.8556115209036652,0.0
667,0.32142132848236027,-0.8595654812154931,0.0
668,0.4292850206614068,-1.103546428576466,0.0
669,0.34139861374446673,-0.844564664019877,0.0
670,0.3581317438381054,-0.8534700052926544,0.0
671,0.5004588208346529,-1.150010983600154,0.0
672,0.41741123418238213,-0.9256970085848807,0.0
673,0.412350539725295,-0.8832771088072394,0.0
674,0.5054550705109612,-1.046567698148435,0.0
675,0.5273240517576514,-1.0561402055678237,0.0
676,0.5049443878498746,-0.978880510443813,0.0
677,0.5754515884529837,-1.0804375343186317,0.0
678,0.662704525541179,-1.2057556358459425,0.0
679,0.6225190508914427,-1.0981627828025904,0.0
680,0.5624279441524063,-0.9624219405974332,0.0
681,0.6518180111312243,-1.0824405068294027,0.0
682,0.6980587672425667,-1.1254567739718264,0.0
683,0.6048312121821092,-0.94710191034206,0.0
684,0.7507611077814477,-1.14220399975235,0.0
685,0.645040295733584,-0.9537832794515139,0.0
686,0.8008814302870605,-1.1512828532464754,0.0
687,0.6722839975524072,-0.9398023615637316,0.0
688,0.8595930128669159,-1.1688399301103805,0.0
689,0.8698264473309806,-1.1507249534056012,0.0
690,0.8685757283940162,-1.118180727103531,0.0
691,0.7563197345881414,-0.9476639965182966,0.0
692,0.7829660956893517,-0.9550073074433441,0.0
693,0.8018592609646805,-0.9522215344328547,0.0
694,0.9082455710558522,-1.0501998729603237,0.0
695,0.8485838290243091,-0.9555128655304995,0.0
696,0.8938126922637007,-0.9801610686172594,0.0
697,1.0716867577388407,-1.144605509081051,0.0
698,1.0020204385073788,-1.042368882567965,0.0
699,1.0538786868642944,-1.0678352552717711,0.0
700,1.2355168831764975,-1.2193687219189324,0.0
701,0.9751497363802033,-0.937403238717975,0.0
702,1.0707255130565954,-1.0025133938391937,0.0
703,1.0350437975005695,-0.9438604662802449,0.0
704,1.030659478638223,-0.9153209740587286,0.0
705,1.1135505572087072,-0.963033216601613,0.0
706,1.216974043471696,-1.024805543483775,0.0
707,1.1333192467602597,-0.9291557654998593,0.0
708,1.2266395002133785,-0.9789668750160248,0.0
709,1.2238202581869084,-0.9506339596207599,0.0
710,1.3530760978013598,-1.0227825264724095,0.0
711,1.4941516975045774,-1.0988351152727027,0.0
712,1.1996161851798721,-0.8581408150107153,0.0
713,1.727978798674133,-1.2020557136635999,0.0
714,1.4814100015204092,-1.0018724023270045,0.0
715,1.5650315318032633,-1.0286820977551017,0.0
716,1.355083576135661,-0.8653734439899841,0.0
717,1.5692962464406872,-0.973347913987676,0.0
718,1.9008146528514762,-1.144622008076799,0.0
719,1.4378252146891441,-0.8402479675869794,0.0
720,1.6900916221318196,-0.9580676462591539,0.0
721,1.8125960875542568,-0.9962347216048361,0.0
722,1.5526171078098012,-0.8269390432755359,0.0
723,1.533222974652636,-0.7908956487675208,0.0
724,1.5691457721090447,-0.7834644510120345,0.0
725,1.8291113655786908,-0.8833959006155487,0.0
726,1.8452076283843832,-0.8614197672313756,0.0
727,2.014901323792369,-0.9085504657788603,0.0
728,1.9587053429767558,-0.8523843513563412,0.0
729,1.9051206365934286,-0.7994237308564978,0.0
730,1.804071365603469,-0.7292602799430146,0.0
731,1.7766565246194475,-0.6911281783253379,0.0
732,1.9675781741237979,-0.7357456813243299,0.0
733,2.0113319363009787,-0.7220921685095625,0.0
734,2.2717581371658517,-0.7820061968221338,0.0
735,1.8809520888849578,-0.6199249096804202,0.0
736,2.272413309904871,-0.7159414141697097,0.0
737,1.835137289326611,-0.5517432116751508,0.0
738,1.864281075456991,-0.5338662643100113,0.0
739,1.9105802373081178,-0.5200289492449884,0.0
740,2.2995024305575655,-0.5935084946954338,0.0
741,1.9538191722680218,-0.4769615353894034,0.0
742,2.4013766203803986,-0.5528488277066358,0.0
743,2.3389670689197017,-0.5061750026089759,0.0
744,2.109820504465616,-0.42761012101958246,0.0
745,1.9825728176517312,-0.37473708705564535,0.0
746,2.0754188854285416,-0.3640757959847589,0.0
747,2.498603558893556,-0.40450556236548807,0.0
748,2.3891956463899335,-0.35460446848287935,0.0
749,2.864264258002566,-0.38667539187430705,0.0
750,2.7847351034029417,-0.33870000227330677,0.0
751,2.653387750222262,-0.28735543076971,0.0
752,2.4405380248068367,-0.231865002583518,0.0
753,2.0953602997549856,-0.17128942932965813,0.0
754,2.0353077722669752,-0.13945279160220408,0.0
755,2.1361618089608445,-0.11815205292721455,0.0
756,2.123959234382626,-0.08946813301150774,0.0
757,2.1997309092487605,-0.06368381589762015,0.0
758,2.3045798342834396,-0.036385188979696635,0.0
759,2.244023934747731,-0.0059043763621584935,0.0
760,2.234637777428411,0.023519533814238457,0.0
761,2.2006855228106796,0.052122739141082855,0.0
762,2.8013658007125937,0.10323807484120244,0.0
763,2.2541380089803407,0.11278248360887164,0.0
764,3.133292137310728,0.19812326714188622,0.0
765,2.668343873476169,0.20399961013663848,0.0
766,2.814528313764789,0.25245896401489404,0.0
767,2.6202339791484617,0.2698226037710997,0.0
768,2.486580723898031,0.2891659376907356,0.0
769,2.4321543356438178,0.31531774605073015,0.0
770,2.393110046034297,0.3423246977900288,0.0
771,2.257243762683454,0.35325183472600125,0.0
772,2.9292805663492283,0.49798800070698784,0.0
773,2.94657686584497,0.5409049083960937,0.0
774,2.8789389126856553,0.5677365163018243,0.0
775,2.5245133111778015,0.5324377772178145,0.0
776,2.436080067861568,0.5473556862817025,0.0
777,2.4095401564383905,0.5747927869619821,0.0
778,3.2166048095985103,0.8121853514987586,0.0
779,2.7772261746418905,0.7402409193696758,0.0
780,2.4903734622187654,0.6989991131193344,0.0
781,2.497025629803256,0.7364378807865376,0.0
782,2.62479885142598,0.8118046776400963,0.0
783,3.044615762525972,0.985714211851887,0.0
784,2.3426691807617868,0.7926520768329808,0.0
785,2.4192641636432435,0.8541999034332827,0.0
786,2.4399939193139524,0.897791555949111,0.0
787,2.3840693930173584,0.9130000035542887,0.0
788,2.664600605365343,1.060833597857566,0.0
789,2.3108070312305355,0.9553872832570088,0.0
790,2.882488389624234,1.2363938143443534,0.0
791,2.412140031746619,1.0724333314502237,0.0
792,2.8485319554891877,1.311601193532466,0.0
793,2.570042799568224,1.2246026778928418,0.0
794,2.5687020195366124,1.2656935359097778,0.0
795,2.5454746257943026,1.2961405849113032,0.0
796,3.1428269152808244,1.6527294438280764,0.0
797,3.0720232752589824,1.6674492933660672,0.0
798,2.4815848830511666,1.3895398869599571,0.0
799,2.2785344926043183,1.315512502662948,0.0
800,0.0,-0.0,1.0
801,0.007632838748615068,-0.012827728103030837,1.0
802,0.014413194561699613,-0.023513251819880825,1.0
803,0.027075727987377455,-0.0428936732652727,1.0
804,0.0327771080189449,-0.05044325843843926,1.0
805,0.0383972743762614,-0.057424687657312165,1.0
806,0.05068945006188378,-0.07369128440092401,1.0
807,0.053671536587924694,-0.07586932395163189,1.0
808,0.07400646127904867,-0.10174851510417002,1.0
809,0.07723167359379855,-0.10329813780155271,1.0
810,0.08891588818829509,-0.11571975355377297,1.0
811,0.10093087749928562,-0.12783984112573246,1.0
812,0.10097809716473387,-0.12449650429217622,1.0
813,0.11761969609535326,-0.1411765793368911,1.0
814,0.14066202787652995,-0.16438728958105145,1.0
815,0.15107294985937364,-0.17192319283560728,1.0
816,0.1763439905840614,-0.19543580768915592,1.0
817,0.1564565565462223,-0.16887450528703513,1.0
818,0.19735082788162486,-0.2074718517280926,1.0
819,0.21480671616789612,-0.21995460613840873,1.0
820,0.20618695775639767,-0.20564516148055106,1.0
821,0.2428558483672772,-0.23592674710603434,1.0
822,0.32831134492157205,-0.31065410837569135,1.0
823,0.2567786224669233,-0.23664428141249397,1.0
824,0.2811451867542454,-0.25234172815543626,1.0
825,0.3125111130916153,-0.27315703889498505,1.0
826,0.3040729243421563,-0.2588047376205504,1.0
827,0.2957530478366386,-0.24508792674093619,1.0
828,0.38653452034688246,-0.31183247348375814,1.0
829,0.38870898368092127,-0.30523294333504997,1.0
830,0.3869544283308877,-0.29570920610838125,1.0
831,0.39849742949879813,-0.2963083619395362,1.0
832,0.3599278359578928,-0.26034710654480037,1.0
833,0.3931450596927913,-0.2765697714830335,1.0
834,0.52305525474832,-0.3577661946858515,1.0
835,0.4096033745730738,-0.2723262862182933,1.0
836,0.5511160621275778,-0.35604635498139464,1.0
837,0.42727931598369034,-0.2681414861916886,1.0
838,0.5513938204066732,-0.33600163293071356,1.0
839,0.5350913357631325,-0.3164901414633431,1.0
840,0.558400219042003,-0.3204365042642982,1.0
841,0.5765497252639028,-0.3208438546637079,1.0
842,0.521854277339923,-0.2814797915512544,1.0
843,0.5499487702176561,-0.28735888763237766,1.0
844,0.6481932357760105,-0.3279113291826785,1.0
845,0.6091768061103345,-0.29817430477546625,1.0
846,0.7204995663755883,-0.34098842364860377,1.0
847,0.651140686358775,-0.29774253634824205,1.0
848,0.7719174754665213,-0.340763526271977,1.0
849,0.7096018759547364,-0.3021634278146682,1.0
850,0.729091326470452,-0.2991939714261777,1.0
851,0.6747618052095571,-0.26658222699064804,1.0
852,0.7032688947215582,-0.2672032583291072,1.0
853,0.7222250329091009,-0.26358598391052973,1.0
854,0.7481817351821997,-0.26195795189176874,1.0
855,0.7796243684711649,-0.26150509819507645,1.0
856,0.8470326583528036,-0.27177216301527546,1.0
857,0.720408636509917,-0.220734739075296,1.0
858,0.7474719194667807,-0.21831280828448962,1.0
859,1.0410377963009525,-0.28924619932799933,1.0
860,0.7942162115045168,-0.20945352090290542,1.0
861,0.9794668485111809,-0.2445735223758613,1.0
862,0.8841321493548557,-0.2084514912949895,1.0
863,0.8401952897760525,-0.1864600983161447,1.0
864,0.8633156541869913,-0.17970815634417153,1.0
865,1.0190616042312144,-0.1981782650137361,1.0
866,0.9516870009453958,-0.17211459339584084,1.0
867,1.133496880443782,-0.18963122710615515,1.0
868,0.915100133405292,-0.140744683311028,1.0
869,0.9504960848667375,-0.13341349770741964,1.0
870,0.938977118200857,-0.1192228481065746,1.0
871,1.118619094525679,-0.12710272196640515,1.0
872,0.9450511596771997,-0.09480582526377969,1.0
873,1.1592185548077727,-0.10090626445146025,1.0
874,1.3106053822084855,-0.09673023554349446,1.0
875,0.9970573139501056,-0.060412126420195326,1.0
876,1.0510534730328454,-0.0498158729710299,1.0
877,1.022248563319285,-0.034979598881734734,1.0
878,1.194069528646412,-0.025137917468655614,1.0
879,1.0880346939958612,-0.008588524609422787,1.0
880,1.3005380114762695,0.006843883378558226,1.0
881,1.2225234896584622,0.022519041953456238,1.0
882,1.3154565661394189,0.04154776392894452,1.0
883,1.4915680596684282,0.06676168864684093,1.0
884,1.127345729588808,0.06532971970924496,1.0
885,1.2747927182159693,0.09071525988165154,1.0
886,1.1346147210282684,0.09575729984462118,1.0
887,1.1866500975082146,0.11588974371307219,1.0
888,1.2927452386214164,0.143443448627173,1.0
889,1.3338817769056284,0.16579924006087213,1.0
890,1.4465244881710402,0.19915743602076974,1.0
891,1.530012789917698,0.2312005201275174,1.0
892,1.348511400651633,0.22195677932474966,1.0
893,1.4256814197110903,0.2539654405278074,1.0
894,1.3052686910973006,0.25027491079981184,1.0
895,1.2504906543313046,0.2568717452993349,1.0
896,1.374866651179795,0.301323450045997,1.0
897,1.52609029357562,0.3555697544098671,1.0
898,1.3312735506048974,0.32870114439011155,1.0
899,1.2790235064433253,0.3337117512818993,1.0
900,1.455155958131224,0.4001851855224824,1.0
901,1.3808266637247737,0.39935554849976407,1.0
902,1.7295032765942444,0.5249496814180205,1.0
903,1.6176338914044572,0.5143306960851207,1.0
904,1.3231053539688031,0.4399323647368426,1.0
905,1.602197968212195,0.5562432598152239,1.0
906,1.5211206022227588,0.5506228818456261,1.0
907,1.9447049611237714,0.7330306300804775,1.0
908,1.595607430064252,0.6255377346139354,1.0
909,1.4442594484183873,0.5882391249619681,1.0
910,1.5809489364416345,0.6682928834860264,1.0
911,1.4347158909078077,0.6288509774084379,1.0
912,1.7959063484473177,0.8154950485498266,1.0
913,1.577245632056912,0.7413845937234268,1.0
914,1.360292856705649,0.6613928029020177,1.0
915,1.8004648611408631,0.9048866635053996,1.0
916,1.3707694895673754,0.7116684857821914,1.0
917,1.5684629473648963,0.8406836791353014,1.0
918,1.7142634351964552,0.9480708919464468,1.0
919,1.5438303488858827,0.880531448791166,1.0
920,1.391804946621166,0.8182745174614825,1.0
921,1.6108162201237584,0.9757767061361173,1.0
922,1.4736718245214506,0.9194152684854576,1.0
923,1.808083807006594,1.1613738926251589,1.0
924,1.4831330602925363,0.9804488976076193,1.0
925,1.4956167036456027,1.017225639103988,1.0
926,1.5395829070397962,1.077021703012115,1.0
927,1.605905373961043,1.1551778683998306,1.0
928,1.419360584187925,1.049597476462691,1.0
929,1.504113588834693,1.1431821109696794,1.0
930,1.7677889691679198,1.3806488130637717,1.0
931,1.9084036428602287,1.531311896351254,1.0
932,1.55050941196046,1.2780271314607647,1.0
933,1.7589449621205977,1.4891230339975081,1.0
934,1.421822344488936,1.2361902566190623,1.0
935,1.4928279236134607,1.3328115696204617,1.0
936,1.3378067531343127,1.2264137709473257,1.0
937,1.3895815901745514,1.3079346299603025,1.0
938,1.3506419379261727,1.3052157751834585,1.0
939,1.4721067849114389,1.4605324060484897,1.0
940,1.4224507380173261,1.4488937650870426,1.0
941,1.4926845543464817,1.560990693383957,1.0
942,1.569022785604908,1.684643328240674,1.0
943,1.276758577886237,1.407522664112958,1.0
944,1.3844977362356452,1.5672427514494698,1.0
945,1.4018579035941,1.629607790516223,1.0
946,1.4415221439970616,1.7210023201917781,1.0
947,1.3869999668171762,1.7008736224791272,1.0
948,1.5037790890541458,1.8944282606412546,1.0
949,1.4171529106198868,1.834346235593584,1.0
950,1.4830629910563702,1.9727668953626727,1.0
951,1.295758190604207,1.7716676645544032,1.0
952,1.2907412798613356,1.8144289282971318,1.0
953,1.4197715981275718,2.0524483710262853,1.0
954,1.416106037896792,2.1058318095218187,1.0
955,1.1384702261216997,1.7420315033072877,1.0
956,1.4066045565588612,2.2154232242331613,1.0
957,1.234117970507516,2.001464694337322,1.0
958,1.1959055340144564,1.9978546441947136,1.0
959,1.0596952534416957,1.8243437231276813,1.0
960,1.116247951223693,1.9812647453544245,1.0
961,1.341013277305917,2.4551843219164033,1.0
962,1.0565162920006623,1.9963010584140686,1.0
963,1.0299903579183303,2.0096907247839697,1.0
964,1.0702283425344714,2.1576713143157185,1.0
965,1.0223982783307854,2.1312229438405716,1.0
966,1.0462391406506975,2.2565717313550566,1.0
967,1.0086889585186714,2.2527787431264104,1.0
968,0.8931406426582391,2.067208448086693,1.0
969,0.973244323684785,2.336567382881956,1.0
970,0.8722307128368275,2.1742039518040794,1.0
971,1.0669078030939891,2.764162167004374,1.0
972,0.9215390535439509,2.4843442620964757,1.0
973,0.8107932857276509,2.277224877232548,1.0
974,0.8467760623606284,2.481109724052772,1.0
975,0.7300903774014139,2.2349754469456045,1.0
976,0.8855687930372982,2.8368356871265217,1.0
977,0.9825883858939607,3.2996207623066636,1.0
978,0.7075115561778124,2.4954469418284555,1.0
979,0.6788275832341121,2.5201525491501564,1.0
980,0.718691836940611,2.8151042869473977,1.0
981,0.6731704956306671,2.789403115987836,1.0
982,0.5581480205369305,2.453908197023773,1.0
983,0.6456934980704061,3.0221057422235766,1.0
984,0.4816382699469439,2.4089346346351634,1.0
985,0.48928583160244715,2.6264493633079615,1.0
986,0.4839386769302433,2.8019991510148934,1.0
987,0.5053533145952335,3.17445573177941,1.0
988,0.4172243543956038,2.86295723495338,1.0
989,0.4220859708807818,3.1898458855216414,1.0
990,0.2992736984915577,2.5157899185667145,1.0
991,0.3203921303188583,3.0329735746645716,1.0
992,0.23257971153116888,2.51841969941797,1.0
993,0.20819669995196965,2.6321082575847035,1.0
994,0.20841787137094983,3.163897414929183,1.0
995,0.14097978793121096,2.676579654199844,1.0
996,0.11812156692167111,2.9913471578272137,1.0
997,0.07163128587034764,2.7218047353385457,1.0
998,0.038960975722959874,2.9613464474528866,1.0
999,9.270756075274055e-16,3.028058729007814,1.0
1000,0.0,-0.0,0.0
1001,0.015579586683998227,0.0002049729436726553,0.0
1002,0.029385794421084254,0.000773362693280112,0.0
1003,0.04921747206366512,0.001943487202704483,0.0
1004,0.05477404650283165,0.0028850377936583,0.0
1005,0.07031216541278401,0.004631727873876924,0.0
1006,0.08578051474559617,0.006785138885815582,0.0
1007,0.11007783927167156,0.010165848095016259,0.0
1008,0.14893165424172208,0.015732590080246207,0.0
1009,0.12733613157442086,0.015147669829917913,0.0
1010,0.1416156636327047,0.018738831599245484,0.0
1011,0.16277269229206556,0.02372118263788784,0.0
1012,0.217404029711012,0.034609349225114536,0.0
1013,0.22664276252626167,0.039143908588640065,0.0
1014,0.2633967594553512,0.04906864160106391,0.0
1015,0.21852949175859032,0.043692412749477806,0.0
1016,0.2767940586886313,0.05913893796061151,0.0
1017,0.24638859759181994,0.05604174931871422,0.0
1018,0.2709088026270871,0.06537879444169263,0.0
1019,0.2739097198270543,0.06992873429632644,0.0
1020,0.2598891058249057,0.07000365659431484,0.0
1021,0.31741417875780076,0.08999357822502299,0.0
1022,0.3405106169668673,0.10140007037394631,0.0
1023,0.3926953423744396,0.12258684630767283,0.0
1024,0.328301865125822,0.10724504062846317,0.0
1025,0.324879292650026,0.11087780822660767,0.0
1026,0.34602623119999193,0.12320072020447523,0.0
1027,0.4146463845836996,0.15380832786927345,0.0
1028,0.37264166237748164,0.14383175563802628,0.0
1029,0.4762127189774469,0.191043420278491,0.0
1030,0.37649602559680595,0.1568209085200964,0.0
1031,0.49841085042646155,0.21533918733243307,0.0
1032,0.47927052077930593,0.214594923681971,0.0
1033,0.5089436336349589,0.23596712769867706,0.0
1034,0.4300878361577423,0.20632335274426447,0.0
1035,0.42905072639675434,0.2128138075193502,0.0
1036,0.42794103824625496,0.21932486313215338,0.0
1037,0.5271142615378581,0.27896834633903816,0.0
1038,0.5045657613458425,0.2755920926990104,0.0
1039,0.4723204585404488,0.26610615537526106,0.0
1040,0.46089687385936184,0.26771831610632263,0.0
1041,0.5089155874646729,0.3046342581346991,0.0
1042,0.5012663420512038,0.3090845431779053,0.0
1043,0.5972530202159442,0.3792046641314227,0.0
1044,0.5039626940945398,0.3293548487575796,0.0
1045,0.5820614859374044,0.39141814694607774,0.0
1046,0.5332273568728747,0.36885753976563534,0.0
1047,0.5995607824076193,0.42651317975059466,0.0
1048,0.5531416325917103,0.4045554453211514,0.0
1049,0.6600548301514849,0.49620808873402317,0.0
1050,0.697467300718708,0.538839285679275,0.0
1051,0.6753145677641852,0.5360582644568814,0.0
1052,0.5369132399376324,0.4378330265900388,0.0
1053,0.5948097027705285,0.4982162708022841,0.0
1054,0.5835771734090311,0.5020178951411375,0.0
1055,0.7125586036714955,0.6294722197987616,0.0
1056,0.5874514912826786,0.5328750646156761,0.0
1057,0.5673824132717333,0.5284417892210762,0.0
1058,0.5622870883577143,0.5376824189006024,0.0
1059,0.6523566222681186,0.6404507916010169,0.0
1060,0.5769261261000236,0.5814981311659585,0.0
1061,0.6812685880168555,0.7049791639531613,0.0
1062,0.6738867168104714,0.7159536524936441,0.0
1063,0.7035387361429849,0.7674399086179926,0.0
1064,0.5655223127995748,0.6334184960699861,0.0
1065,0.5795070976060559,0.6665285830837331,0.0
1066,0.5670350938046343,0.6697791242378367,0.0
1067,0.5848393599342847,0.7095302671912633,0.0
1068,0.7103619629590125,0.8852914687664377,0.0
1069,0.6183374065527169,0.7917220050348195,0.0
1070,0.5993695986247721,0.7886057255227864,0.0
1071,0.6251805516811366,0.8454256540779788,0.0
1072,0.6016828604529336,0.8364475856519612,0.0
1073,0.5851310297278618,0.8364341491245477,0.0
1074,0.5778927078319125,0.8496698800373449,0.0
1075,0.5887308253235417,0.8905779309673921,0.0
1076,0.5823058583607572,0.9065623051395524,0.0
1077,0.7290907438156914,1.1686128385169046,0.0
1078,0.5873552662137681,0.9696085014559305,0.0
1079,0.6493291102828102,1.104445327810513,0.0
1080,0.5427607134842843,0.9516190055566348,0.0
1081,0.5467287834951606,0.9885728698947684,0.0
1082,0.5509971622516799,1.0279950170840342,0.0
1083,0.504152080357309,0.9710649040418879,0.0
1084,0.5126583108031635,1.02004296405173,0.0
1085,0.5922948999079333,1.218178543632123,0.0
1086,0.5028310673325053,1.0697391223489203,0.0
1087,0.6791473874749647,1.495637658213415,0.0
1088,0.5156152189770683,1.1763698790911377,0.0
1089,0.5530322934004548,1.3082823978442184,0.0
1090,0.4947923436507646,1.2148265679690984,0.0
1091,0.4472949305617251,1.1409497383476688,0.0
1092,0.44148611832722084,1.1712474340723826,0.0
1093,0.5268180047081464,1.455358553021627,0.0
1094,0.4618662369848782,1.3303552599069741,0.0
1095,0.46032192227799856,1.3844273545992742,0.0
1096,0.4469323742311802,1.4056578019262678,0.0
1097,0.3737184287659784,1.2312556230693679,0.0
1098,0.41590189091585134,1.438037915405344,0.0
1099,0.44452970412048914,1.6164017832711548,0.0
1100,0.3769212905042445,1.4446335461127995,0.0
1101,0.44562771919707356,1.8048382432139116,0.0
1102,0.31052930719076727,1.3327786058775082,0.0
1103,0.30670356928667797,1.399414845229261,0.0
1104,0.3624543367656372,1.764482739116006,0.0
1105,0.2675713552295813,1.3954755252914786,0.0
1106,0.26721019512629096,1.5000332705001047,0.0
1107,0.2840515749785387,1.7257719651408638,0.0
1108,0.31702052886668064,2.097942788212462,0.0
1109,0.19676648535248994,1.429158484868426,0.0
1110,0.24451244181105464,1.9671422513077887,0.0
1111,0.1622903401786188,1.4625977453000027,0.0
1112,0.19519587493719634,1.9987032208899131,0.0
1113,0.15516704325412722,1.8385523796121608,0.0
1114,0.12421763244893862,1.7455909130009815,0.0
1115,0.10214139789511172,1.7625771125876943,0.0
1116,0.0774302094083421,1.7299207007458524,0.0
1117,0.056285091681407606,1.782059644766749,0.0
1118,0.033584701346821275,1.8232607929997808,0.0
1119,0.008769072806211108,1.6663803105718282,0.0
1120,-0.01378608591451216,1.7464862070651206,0.0
1121,-0.05000963024531601,2.3754941390537145,0.0
1122,-0.06479278238494787,1.8935130997473675,0.0
1123,-0.09385837406265249,1.9802959207226447,0.0
1124,-0.11664555981395167,1.9251484005606379,0.0
1125,-0.13514282957496065,1.8310605656303371,0.0
1126,-0.2137524939972988,2.455604302915225,0.0
1127,-0.1686669014640999,1.681319163504027,0.0
1128,-0.2340360246455199,2.059729028026312,0.0
1129,-0.22823391487220224,1.7975281337921931,0.0
1130,-0.24934623868591974,1.7764516163647068,0.0
1131,-0.28314508786362097,1.8409655098975233,0.0
1132,-0.28905943448808136,1.727816521862554,0.0
1133,-0.44288845108079417,2.448898570692724,0.0
1134,-0.39680476961517447,2.040428121936625,0.0
1135,-0.47319466909787766,2.27322105807849,0.0
1136,-0.5594086370643778,2.520713579827801,0.0
1137,-0.4446192053331583,1.8858206828530448,0.0
1138,-0.5561597884521025,2.2273060058670904,0.0
1139,-0.6129845289122569,2.3243450296987658,0.0
1140,-0.703955499146175,2.533634956060536,0.0
1141,-0.5393507149622645,1.8466599250249596,0.0
1142,-0.6432023960639637,2.099209952586079,0.0
1143,-0.6336675411433045,1.9749524599262602,0.0
1144,-0.6893330944336489,2.0551066962878246,0.0
1145,-0.6312152692804127,1.8028226745292304,0.0
1146,-0.8557581589188196,2.3447755275833058,0.0
1147,-0.7216914271178156,1.8994646077782613,0.0
1148,-0.8608714039416425,2.17900176292445,0.0
1149,-1.021035231943071,2.4881114017169246,0.0
1150,-1.0507008128687974,2.467470247048452,0.0
1151,-1.0707229131658997,2.4254641836154427,0.0
1152,-1.1955263097430688,2.614526736534508,0.0
1153,-1.0510372750045653,2.2208141050141808,0.0
1154,-0.9709786088278555,1.983731120535765,0.0
1155,-0.9435025605262364,1.8650529068172255,0.0
1156,-1.1288097039667326,2.1603212401783938,0.0
1157,-1.232507091741583,2.2850276182616014,0.0
1158,-1.1245721213506887,2.020832682875518,0.0
1159,-1.3705421524091428,2.388339118443043,0.0
1160,-1.2068599113062424,2.040443594969387,0.0
1161,-1.4797781101938736,2.4283825599806543,0.0
1162,-1.3771035878487634,2.194393293673577,0.0
1163,-1.5937035020071944,2.4668574356589974,0.0
1164,-1.4130994487341868,2.1254294282297335,0.0
1165,-1.3240133015583058,1.935711436752274,0.0
1166,-1.5562690356452473,2.2122427900777506,0.0
1167,-1.4332777356575963,1.9814952452067918,0.0
1168,-1.4975662339399054,2.0140379799710955,0.0
1169,-1.4452451976067155,1.8911958697454248,0.0
1170,-1.7756764228334847,2.2612938502779234,0.0
1171,-1.7421751045303815,2.1595275529410345,0.0
1172,-1.5143062784958856,1.8273470389943562,0.0
1173,-1.7566878361553875,2.06395451801671,0.0
1174,-1.7795176076737047,2.0358949218000486,0.0
1175,-1.9734506176768183,2.1987094505244507,0.0
1176,-1.6897909524800239,1.8335629766542196,0.0
1177,-2.080328521933838,2.198572098357124,0.0
1178,-1.6516961017480412,1.700205945087967,0.0
1179,-1.7431180456992232,1.747710494452801,0.0
1180,-2.3240102432552896,2.269618342887022,0.0
1181,-1.8248942798292365,1.7358711262322852,0.0
1182,-2.3184477297214325,2.1479639434506748,0.0
1183,-2.1414121462668203,1.9322209569624555,0.0
1184,-2.4200243908303247,2.126532304480628,0.0
1185,-1.9596692439084138,1.676839191873854,0.0
1186,-2.275060471345251,1.895441315373013,0.0
1187,-1.931975251085258,1.5670093367931492,0.0
1188,-2.4557396750198963,1.9388318862645832,0.0
1189,-2.1361809153605247,1.6413828891530153,0.0
1190,-2.311542176623112,1.7282428771970715,0.0
1191,-2.281376968747969,1.6593523367658525,0.0
1192,-2.4662392153658783,1.7446688778520116,0.0
1193,-2.335647240026725,1.6066034823247999,0.0
1194,-2.1702040630932085,1.4511166584021733,0.0
1195,-2.4013155291307475,1.5603309723130483,0.0
1196,-2.374547555553433,1.4988831408689167,0.0
1197,-2.7745266964600943,1.7007342667464256,0.0
1198,-2.4149619831675415,1.4369664880251327,0.0
1199,-2.5784053184063125,1.4886430046618464,0.0
